{
    "resourceIdentifier": {
        "description": " ",
        "resourceName": "$ResourceName",
        "resourceTypeId": "DB2ZOS",
        "resourceTypeName": "IBM DB2 for z/OS",
        "resourceTypeVersion": ""
    },
    "scannerConfigurations": [
        {
            "configOptions": [
                {
                    "optionId": "ScannerExecutionMode",
                    "optionValues": [
                        "normal"
                    ]
                },
                {
                    "optionId": "Sub System ID",
                    "optionValues": [
                        "$SubSystemID"
                    ]
                },
                {
                    "optionId": "User",
                    "optionValues": [
                        "$UserMetadati"
                    ]
                },
                {
                    "optionId": "Location",
                    "optionValues": [
                        "$Location"
                    ]
                },
                {
                    "optionId": "Tables, Views",
                    "optionValues": [
                        "All"
                    ]
                },
                {
                    "optionId": "Case Sensitive",
                    "optionValues": [
                        false
                    ]
                },
                {
                    "optionId": "ThreadCount",
                    "optionValues": [
                        "5"
                    ]
                },
                {
                    "optionId": "Database",
                    "optionValues": [
                        "$Database"
                    ]
                },
                {
                    "optionId": "Schema",
                    "optionValues": [
                        ""
                    ]
                },
                {
                    "optionId": "Password",
                    "optionValues": [
                        "$PasswordUserMetadati"
                    ]
                }
            ],
            "enabled": "$EnableSourceMetadata",
            "scanner": {
                "providerTypeId": "CORE",
                "providerTypeName": "Source Metadata",
                "scannerId": "DB2ZOSScanner"
            }
        },
        {
            "configOptions": [
                {
                    "optionId": "SelectCompositeDataDomains",
                    "optionValues": [
                        "AllCompositeDataDomains"
                    ]
                }
            ],
            "enabled": false,
            "scanner": {
                "providerTypeId": "CompositeDomainDiscovery",
                "providerTypeName": "Composite Domain Discovery",
                "scannerId": "CompositeDomainScanner"
            }
        },
        {
            "configOptions": [
                {
                    "optionId": "DiscoveryOption",
                    "optionValues": [
                        "Profiling"
                    ]
                },
                {
                    "optionId": "runOnHadoop",
                    "optionValues": [
                        "Native"
                    ]
                },
                {
                    "optionId": "ProfilingRunOptions",
                    "optionValues": [
                        "ColumnProfilingAndDomainDiscovery"
                    ]
                },
                {
                    "optionId": "SamplingOptions",
                    "optionValues": [
                        "$SamplingOption"
                    ]
                },
                {
                    "optionId": "RunSimilarityProfile",
                    "optionValues": [
                        "$RunSimilarityProfile"
                    ]
                },
                {
                    "optionId": "FirstNNumberOfSampleRows",
                    "optionValues": [
                        "$RandomSamplingRows"
                    ]
                },
                {
                    "optionId": "Priority",
                    "optionValues": [
                        "low"
                    ]
                },
                {
                    "optionId": "ExcludeViews",
                    "optionValues": [
                        "$$ExcludeViews"
                    ]
                },
                {
                    "optionId": "Incremental",
                    "optionValues": [
                        false
                    ]
                },
                {
                    "optionId": "isCumulative",
                    "optionValues": [
                        "$Cumulative"
                    ]
                },
                {
                    "optionId": "enableProfileValidation",
                    "optionValues": [
                        false
                    ]
                },
                {
                    "optionId": "ProfileableObjectsFilterRegex",
                    "optionValues": [
                        "All"
                    ]
                },
                {
                    "optionId": "securityDomain",
                    "optionValues": [
                        "Native"
                    ]
                },
                {
                    "optionId": "SamplingOptions1",
                    "optionValues": [
                        "SameAsProfileConfiguration"
                    ]
                },
                {
                    "optionId": "SimilarityDISConnectionOption",
                    "optionValues": [
                        "SameAsProfileConfiguration"
                    ]
                },
                {
                    "optionId": "domainName",
                    "optionValues": [
                        "$$domainName"
                    ]
                },
                {
                    "optionId": "disName",
                    "optionValues": [
                        "$$disName"
                    ]
                },
                {
                    "optionId": "userName",
                    "optionValues": [
                        "$$disUser"
                    ]
                },
                {
                    "optionId": "host",
                    "optionValues": [
                        "$$disHost"
                    ]
                },
                {
                    "optionId": "port",
                    "optionValues": [
                        "$$disPort"
                    ]
                },
                {
                    "optionId": "OsProfile",
                    "optionValues": []
                },
                {
                    "optionId": "SourceEdrConnName",
                    "optionValues": [
                        "$SourceConnectionName"
                    ]
                },
                {
                    "optionId": "SaveSourceData",
                    "optionValues": [
                        "true"
                    ]
                },
                {
                    "optionId": "DomainDiscoveryType",
                    "optionValues": [
                        "MetadataAndData"
                    ]
                },
                {
                    "optionId": "SelectDataDomains",
                    "optionValues": [
                        "DataDomainGroups"
                    ]
                },
                {
                    "optionId": "DataDomainGroups",
                    "optionValues": [
                        "$DataDomainGroups"
                    ]
                },
                {
                    "optionId": "excludeNullRecord",
                    "optionValues": [
                        "$ExcludeNullValues"
                    ]
                },
                {
                    "optionId": "DataDomainConformanceOption",
                    "optionValues": [
                        "DataDomain"
                    ]
                },
                {
                    "optionId": "ConfCriteria",
                    "optionValues": [
                        "Percentage"
                    ]
                },
                {
                    "optionId": "RunUkInference",
                    "optionValues": [
                        "true"
                    ]
                },
                {
                    "optionId": "UkSamplingOptions",
                    "optionValues": [
                        "NoSampling"
                    ]
                },
                {
                    "optionId": "password",
                    "optionValues": [
                        "$$disPassword"
                    ]
                }
            ],
            "enabled": true,
            "reusableConfigs": [
                {
                    "name": "$$disDefault",
                    "optionGroupId": "DISConnection",
                    "type": "DISOptionsID"
                }
            ],
            "scanner": {
                "providerTypeId": "Profiling",
                "providerTypeName": "Data Discovery",
                "scannerId": "ProfileScanner"
            }
        },
        {
            "configOptions": [
                {
                    "optionId": "isUseSynonymsAndStopWords",
                    "optionValues": [
                        false
                    ]
                }
            ],
            "enabled": false,
            "scanner": {
                "providerTypeId": "BusinessTermAssociation",
                "providerTypeName": "Business Term Association",
                "scannerId": "TermAssociationScanner"
            }
        }
    ]
}
